Address, City, State, Zip Code, Latitude, Longitude
1205 N. Memorial Parkway, Huntsville,Alabama,35801-5930,34.7436409,-86.602698
3650 Galleria Circle, Hoover,Alabama,35244-2346,33.3794067,-86.8127355
8251 Eastchase Parkway, Montgomery,Alabama,36117,32.3644178,-86.1503718
5225 Commercial Boulevard, Juneau,Alaska,99801-7210,58.3593108,-134.4824689
330 West Dimond Blvd, Anchorage,Alaska,99515-1950,61.1432681,-149.8840901
4125 DeBarr Road, Anchorage,Alaska,99508-3115,61.2101347,-149.8065607
3911 Highway 69, Prescott,Arizona,86301-6717,34.5477827,-112.3965202
3901 West Costco Drive, Tucson,Arizona,85741-2864,32.3263181,-111.0487734
6255 East Grant Road, Tucson,Arizona,85712-5834,32.2514271,-110.8598192
17550 N. 79th Ave., Glendale,Arizona,85308-8711,33.6423488,-112.2326407
2887 S Market St, Gilbert,Arizona,85296-6303,33.2961656,-111.7449103
1445 West Elliot Road, Tempe,Arizona,85284-1103,33.3468828,-111.9619117
15255 North Hayden Road, Scottsdale,Arizona,85260-2507,33.622988,-111.9007546
1415 North Arizona Avenue, Gilbert,Arizona,85233-1616,33.3760894,-111.8401952
595 S Galleria Way, Chandler,Arizona,85226-4932,33.2934732,-111.8988735
1444 S Sossaman Rd, Mesa,Arizona,85209-3400,33.3888937,-111.6693552
2450 E Beardsley Rd, Phoenix,Arizona,85050-1300,33.6713472,-112.0288141
19001 N. 27th Ave, Phoenix,Arizona,85027-5036,33.6593567,-112.1154637
3801 N. 33rd Avenue, Phoenix,Arizona,85017-4508,33.4921571,-112.1279384
1646 W. Montebello, Phoenix,Arizona,85015-2557,33.5207979,-112.0952199
4502 East Oak Street, Phoenix,Arizona,85008-2411,33.473577,-111.9842538
10000 W. McDowell Road, Avondale,Arizona,85323,33.4673339,-112.2744376
4570 E Cactus Rd, Phoenix,Arizona,85032,33.6034282,-111.9859831
2345 Fenton Pkwy, San Diego,California,92108-4743,32.782091,-117.1287367
1300 Dana Drive, Redding,California,96003-4071,40.5862928,-122.3448175
2100 Dr Martin Luther King Jr Way, Chico,California,95928-4422,39.7210766,-121.8114723
7981 East Stockton Boulevard, Sacramento,California,95823-9606,38.468475,-121.414341
1600 Expo Parkway, Sacramento,California,95815-4228,38.5971392,-121.4533264
2299 Bronze Star Drive, Woodland,California,95776-5409,38.671721,-121.7227303
11260 White Rock Road, Rancho Cordova,California,95742-6571,38.5881934,-121.2638478
6750 Stanford Ranch Road, Roseville,California,95678-1907,38.7800428,-121.2679414
1800 Cavitt Court, Folsom,California,95630-6235,38.6458094,-121.1096896
7000 Auburn Blvd, Citrus Heights,California,95621-4342,38.6894807,-121.2971663
1006 West Wabash Avenue, Eureka,California,95501-2121,40.7921599,-124.1830222
1900 Santa Rosa Avenue, Santa Rosa,California,95407-7636,38.4198133,-122.7114247
3801 Pelandale Ave., Modesto,California,95356-8300,37.7029449,-121.064953
1445 R Street, Merced,California,95340-5850,37.3031622,-120.4974941
2440 Daniels St, Manteca,California,95336-6745,37.7853216,-121.2605559
1616 East Hammer Lane, Stockton,California,95210-4119,38.0187987,-121.2927518
1709 Automation Parkway, San Jose,California,95131-1866,37.3907198,-121.8846152
5301 Almaden Expressway, San Jose,California,95118-3603,37.253214,-121.879999
2201 Senter Road, San Jose,California,95112-2627,37.3098977,-121.8522164
220 Sylvania Avenue, Santa Cruz,California,95060-2161,36.9843636,-122.0339916
1601 Coleman Avenue, Santa Clara,California,95050-3100,37.357214,-121.9373357
300 Vintage Way, Novato,California,94945-5007,38.0872616,-122.5506379
4801 Central Avenue, Richmond,California,94804-5878,37.8980045,-122.3226175
198 Plaza Drive, Vallejo,California,94591-3702,38.1332334,-122.2134261
5101 Business Center Drive, Fairfield,California,94585-1624,38.2152403,-122.1454704
1900 Davis Street, San Leandro,California,94577-1209,37.720849,-122.1818231
2800 Independence Drive, Livermore,California,94550-7628,37.7028882,-121.8125616
22330 Hathaway Avenue, Hayward,California,94541-4861,37.667516,-122.10278
43621 Pacific Commons Blvd, Fremont,California,94538-3809,37.5015665,-121.9730203
3150 Fostoria Way, Danville,California,94526-5553,37.7827064,-121.9734093
2201 Verne Roberts Circle, Antioch,California,94509-7911,38.0087055,-121.8354552
1001 Metro Center Boulevard, Foster City,California,94404-2177,37.56179,-122.2743285
450 10th Street, San Francisco,California,94103-4304,37.7702867,-122.410873
150 Lawrence Station Road, Sunnyvale,California,94086-5328,37.3720813,-121.9945423
451 South Airport Boulevard, South San Francisco,California,94080-6909,37.6424644,-122.4005569
1600 El Camino Real, South San Francisco,California,94080-1206,37.6654482,-122.4491138
1000 North Rengstorff Avenue, Mountain View,California,94043-1716,37.4209562,-122.0957535
801 Tioga Avenue, Sand City,California,93955-3051,36.6171196,-121.8453628
1339 North Davis Road, Salinas,California,93907-1988,36.7036522,-121.6691709
4500 W Shaw, Fresno,California,93722-6200,36.8099442,-119.8740878
380 West Ashlan Avenue, Clovis,California,93612-5611,36.7929453,-119.7156956
1141 West Avenue L, Lancaster,California,93534-7077,34.6614289,-118.1509954
1335 South Bradley, Santa Maria,California,93454-8006,34.9366796,-120.42143
1540 Froom Ranch Way, San Luis Obispo,California,93405-7211,35.2521444,-120.6916461
1405 W Cameron Ave, Visalia,California,93277-9527,36.2928202,-119.3065475
7095 Market Place Drive, Goleta,California,93117-5905,34.4277881,-119.8747855
2001 East Ventura Boulevard, Oxnard,California,93030-1813,34.2253921,-119.1477949
22633 Savi Ranch Parkway, Yorba Linda,California,92887-4664,33.8758177,-117.7439916
480 McKinley Street, Corona,California,92879-1291,33.8860108,-117.5227016
11000 Garden Grove Boulevard, Garden Grove,California,92843-1206,33.7724203,-117.9407918
900 South Harbor Boulevard, Fullerton,California,92832-3098,33.8624643,-117.9219519
2655 El Camino Real, Tustin,California,92782-8918,33.7284918,-117.7957707
2700 Park Ave, Tustin,California,92782-2708,33.6999115,-117.8229054
17900 Newhope Street, Fountain Valley,California,92708-5404,33.703448,-117.9317327
27972 Cabot Road, Laguna Niguel,California,92677-1211,33.5553111,-117.6769591
33961 Doheny Park Road, San Juan Capistrano,California,92675-4836,33.469897,-117.6770319
115 Technology West Drive, Irvine,California,92618-2408,33.6570018,-117.7397293
12700 Day Street, Moreno Valley,California,92553-7531,33.9356961,-117.2759315
29315 Central Ave, Lake Elsinore,California,92532-2212,33.6964211,-117.3398442
1099 East Hospitality Lane, San Bernardino,California,92408-2836,34.0678619,-117.2625172
14555 Valley Center Drive, Victorville,California,92392-4216,34.5149958,-117.3186013
2030 North Imperial Avenue, El Centro,California,92243-1323,32.8120133,-115.5724631
72-800 Dinah Shore Drive, Palm Desert,California,92211-0817,33.7980614,-116.3800098
12350 Carmel Mountain Road, San Diego,California,92128-4697,32.9872405,-117.0776659
650 Gateway Center Drive, San Diego,California,92102-4594,32.71273,-117.1164946
1755 Hacienda Drive, Vista,California,92081-4546,33.1883247,-117.2764952
101 Town Center Parkway, Santee,California,92071-5899,32.840222,-116.9873931
12155 Tech Center Drive, Poway,California,92064-7156,32.9351195,-117.0323116
951 Palomar Airport Road, Carlsbad,California,92011-1110,33.1201381,-117.3165503
8125 Fletcher Parkway, La Mesa,California,91942-2934,32.7737125,-117.0247217
1130 Broadway, Chula Vista,California,91911-2707,32.6085396,-117.0838405
895 East H Street, Chula Vista,California,91910-7807,32.6377494,-117.0219281
2207 West Commonwealth Avenue, Alhambra,California,91803-1302,34.089515,-118.148531
520 N Lone Hill Ave, San Dimas,California,91773-1725,34.111862,-117.8259256
9404 Central Avenue, Montclair,California,91763-2421,34.083034,-117.6905582
17550 Castleton St., City of Industry,California,91748-1701,33.994637,-117.9223035
11800 4th Street, Rancho Cucamonga,California,91739-9318,34.0789261,-117.5481066
13111 Peyton Drive, Chino Hills,California,91709-6002,34.0141463,-117.7424536
1220 West Foothill Boulevard, Azusa,California,91702-2819,34.1315065,-117.9256073
1051 Burbank Blvd., Burbank,California,91506-1421,34.1860159,-118.3243374
6100 Sepulveda Boulevard, Van Nuys,California,91411-2503,34.1821427,-118.4652258
18649 Via Princessa, Santa Clarita,California,91387-4935,34.4046721,-118.4616339
5700 Lindero Canyon Road, Westlake Village,California,91362-4063,34.1518777,-118.7971694
8810 Tampa Avenue, Northridge,California,91324-3519,34.2307581,-118.5510574
21300 Roscoe Boulevard, Canoga Park,California,91304-4200,34.2183244,-118.5961019
2200 East Willow Street, Signal Hill,California,90806-2132,33.8043681,-118.1564334
340 Lakewood Center Mall, Lakewood,California,90712-2409,33.8496346,-118.1404388
12324 Hoxie Avenue, Norwalk,California,90650-2266,33.9198138,-118.1022218
1345 North Montebello Boulevard, Montebello,California,90640-2585,34.0342542,-118.0971656
101 N Beach Blvd, La Habra,California,90631-4468,33.9330337,-117.9687001
2751 Sky Park Drive, Torrance,California,90505-5351,33.8053556,-118.3349378
3560 West Century Blvd, Inglewood,California,90303-1201,33.9427937,-118.3334676
13463 Washington Boulevard, Marina del Rey,California,90292-5658,33.993111,-118.4472424
14501 Hindry Avenue, Hawthorne,California,90250-6748,33.9002103,-118.3735777
2901 Los Feliz Boulevard, Los Angeles,California,90039-1502,34.1290303,-118.2639142
1051 Hume Way, Vacaville,California,95687,38.3505647,-121.9802167
2955 North Tegner Road, Turlock,California,95380,37.519131,-120.888552
3250 W. Grant Line Road, Tracy,California,95377,37.75064,-121.4755171
7251 Camino Arroyo, Gilroy,California,95020,37.0083814,-121.5566111
5901 Redwood Drive, Rohnert Park,California,94928,38.3530729,-122.7174433
28505 Hesperian Blvd, Hayward,California,94545,37.6161927,-122.0892634
2300 Middlefield Rd, Redwood City,California,94063,37.4783907,-122.2162449
7100 N. Abby Street, Fresno,California,93720,36.8396312,-119.7879512
4900 Panama Lane, Bakersfield,California,93308,35.2977692,-119.0585354
3800 Rosedale Highway, Bakersfield,California,93308,35.3844477,-119.0491374
27220 Heather Ridge Road, Laguna Niguel,California,92677,33.566704,-117.7109
26610 Ynez Road, Temecula,California,92591,33.521227,-117.154362
16505 Sierra Lakes Parkway, Fontana,California,92336,34.1374446,-117.4427215
79795 Hwy 111, La Quinta,California,92253,33.7043832,-116.2735012
4605 Morena Boulevard, San Diego,California,92117,32.8229883,-117.2251844
7803 Othello Ave, San Diego,California,92111,32.8165805,-117.1535427
13550 W Paxton St, Pacoima,California,91331,34.2723417,-118.4271861
5401 Katella Ave, Cypress,California,90720,33.8030847,-118.0386006
12530 Prairie Ave, Hawthorne,California,90250,33.9186567,-118.3425829
6333 Telegraph Rd, Commerce,California,90040,33.9947085,-118.1413584
170 Cooley Mesa Rd, Gypsum,Colorado,81637-9707,39.6443624,-106.890825
5885 Barnes Road, Colorado Springs,Colorado,80922-3512,38.8927085,-104.7182054
18414 Cottonwood Dr, Parker,Colorado,80138-8876,39.5555621,-104.7760215
8686 Park Meadows Center Drive, Littleton,Colorado,80124-5129,39.5592873,-104.8765203
7900 West Quincy Avenue, Littleton,Colorado,80123-2472,39.6369039,-105.0865344
4000 River Point Parkway, Sheridan,Colorado,80110-3316,39.6438311,-105.0081481
6400 West 92nd Avenue, Westminster,Colorado,80031-2952,39.8623908,-105.0666388
600 Marshall Road, Superior,Colorado,80027-9730,39.9595377,-105.1743964
16375 N Washington St, Thornton,Colorado,80023-8907,39.9916115,-104.9835605
1471 South Havana, Aurora,Colorado,80012-4013,39.6906541,-104.8687061
5195 Wadsworth Blvd., Arvada,Colorado,80002-4617,39.7902693,-105.0830016
5050 N Nevada Ave, Colorado Springs,Colorado,80918,38.9051579,-104.8221795
779 Connecticut Ave, Norwalk,Connecticut,06854-1615,41.0918144,-73.4512165
200 Federal Road, Brookfield,Connecticut,06804-2527,41.4419569,-73.4063855
3600 East Main Street, Waterbury,Connecticut,06705-3851,41.5395361,-72.9676872
1718 Boston Post Road, Milford,Connecticut,06460-2718,41.2508325,-73.0239339
75 Freshwater Blvd, Enfield,Connecticut,06082-3854,41.9940152,-72.5749941
900 Center Boulevard, Newark,Delaware,19702-3221,39.6777524,-75.6475567
17800 Congress Avenue, Boca Raton,Florida,33487,26.4127325,-80.1003847
6275 Naples Boulevard, Naples,Florida,34109-2030,26.2207732,-81.7754403
10088 Gulf Center Drive, Fort Myers,Florida,33913-8961,26.4899933,-81.7855808
7171 Cypress Lake Drive, Fort Myers,Florida,33907-6521,26.5444258,-81.8745308
10921 Causeway Blvd., Brandon,Florida,33511-2903,27.9212985,-82.3313503
1873 West Lantana Road, Lantana,Florida,33462-2698,26.5884878,-80.0710936
11001 Southern Blvd - Ste 160, Royal Palm Beach,Florida,33411-4240,26.6833107,-80.221067
3250 Northlake Boulevard, Lake Park,Florida,33403-1702,26.8065511,-80.0875392
1890 South University Drive, Davie,Florida,33324-5847,26.0965863,-80.2474375
13450 SW 120th St, Kendall,Florida,33186-7393,25.6547868,-80.4130892
14585 Biscayne Boulevard, North Miami Beach,Florida,33181-1209,25.9099568,-80.155961
8300 Park Boulevard, Miami,Florida,33126-3832,25.7741042,-80.3311727
1800 West Sample Road, Pompano Beach,Florida,33064-1324,26.2734157,-80.1499808
15915 Pines Blvd, Pembroke Pines,Florida,33027-1201,26.009617,-80.360331
16580 NW 59th Avenue, Miami,Florida,33014-5611,25.9230781,-80.2990295
2101 Water Bridge Blvd, Orlando,Florida,32837-9283,28.4045746,-81.4066376
3333 University Boulevard, Winter Park,Florida,32792-7428,28.599536,-81.3000689
741 Orange Avenue, Altamonte Springs,Florida,32714-3031,28.6609943,-81.4173493
4067 Lagniappe Way, Tallahassee,Florida,32317-1201,30.4604796,-84.2121331
4901 Gate Parkway, Jacksonville,Florida,32246-4405,30.2516823,-81.5335109
2655 Gulf to Bay Blvd., Clearwater,Florida,33759,27.9562116,-82.7287138
100 Cobb Parkway, Ringgold,Georgia,30742,34.9686445,-85.1952461
1550 Mall of Georgia Blvd, Buford,Georgia,30519-6551,34.0622636,-83.9966547
2900 Cumberland Mall, Atlanta,Georgia,30339-8107,33.8823149,-84.4703293
6350 Peachtree Dunwoody Rd N.E., Atlanta,Georgia,30328-4527,33.9286825,-84.352853
1700 Mount Zion Road, Morrow,Georgia,30260-3014,33.5721023,-84.3332593
645 Barrett Parkway, Kennesaw,Georgia,30144-4922,34.0053871,-84.5692146
3980 Venture Drive, Duluth,Georgia,30096-5077,33.9473917,-84.1426038
2855 Jordan Ct, Alpharetta,Georgia,30004-3869,34.0905302,-84.2776104
500 Brookhaven Ave, Atlanta,Georgia,30319,33.8721877,-84.3367237
73-5600 Maiau Street, Kailua-Kona (Hawaii),Hawaii,96740-2630,19.6855507,-156.0169874
333A Keahole Street, Honolulu (Oahu),Hawaii,96825-3428,21.2836994,-157.7095163
94-1231 Ka Uka Blvd, Waipahu (Oahu),Hawaii,96797-4495,21.4264462,-158.0000863
4300 Nuhou St, Lihue,Hawaii,96766-8002,21.9671083,-159.379578
540 Haleakala Highway, Kahului (Maui),Hawaii,96732-2302,20.8871045,-156.4508712
4589 Kapolei Parkway, Kapolei (Oahu),Hawaii,96707-1879,21.3267395,-158.0875646
525 Alakawa Street, Iwilei (Oahu),Hawaii,96817,21.3433967,-157.8390944
355 East Neider Avenue, Coeur D\'Alene,Idaho,83815-3723,47.708846,-116.783026
2051 S. Cole Road, Boise,Idaho,83709-2815,43.5850737,-116.2766622
16700 N Marketplace Blvd, Nampa,Idaho,83687-7909,43.614889,-116.589753
731 Pole Line Road, Twin Falls,Idaho,83301-3036,42.593157,-114.4643289
305 West Quinn Rd, Pocatello,Idaho,83201-4988,42.904696,-112.4557605
7311 North Melvina Ave, Niles,Illinois,60714-3905,42.0150933,-87.7807382
7300 S. Cicero Ave, Bedford Park,Illinois,60629-5817,41.759023,-87.744844
2746 N. Clybourn Avenue, Chicago,Illinois,60614-1006,41.929504,-87.676904
1901 West 22nd Street, Oak Brook,Illinois,60523-1785,41.8454844,-87.9658544
9915 W 159th St, Orland Park,Illinois,60467-4572,41.5994653,-87.8619044
1375 North Meacham Rd, Schaumburg,Illinois,60173-4805,42.0551847,-88.0419058
250 N. Randall Rd., Lake in the Hills,Illinois,60156-5943,42.1785248,-88.3391116
505 W. Army Trail Road, Bloomingdale,Illinois,60108-1391,41.9410867,-88.1333649
680 S. Rand Road, Lake Zurich,Illinois,60047-3409,42.1870144,-88.0948441
1320 S. Route 59, Naperville,Illinois,60564,41.7453282,-88.2033574
830 E Boughton Rd, Bolingbrook,Illinois,60440,41.7283788,-88.0325352
221 S. Randall Rd, St. Charles,Illinois,60174,41.9092859,-88.3430587
8400 W North Ave, Melrose Park,Illinois,60160,41.9100164,-87.8363043
999 N. Elmhurst Road, Mount Prospect,Illinois,60056,42.0833307,-87.9325787
25901 Riverwoods Rd, Mettawa,Illinois,60045,42.2382792,-87.9033129
2900 Patriot Blvd, Glenview,Illinois,60026,42.1093625,-87.8215817
1310 E. 79th Ave, Merrillville,Indiana,46410-5768,41.4757908,-87.321219
9010 Michigan Road, Indianapolis,Indiana,46268,39.9198327,-86.2266897
6110 East 86th Street, Castleton,Indiana,46250,39.9136643,-86.0616667
7205 Mills Civic Parkway, West Des Moines,Iowa,50266-8140,41.5627199,-93.8050656
9350 Marshall Drive, Lenexa,Kansas,66215-3845,38.9589121,-94.7336245
12221 Blue Valley Parkway, Overland Park,Kansas,66213,38.9072881,-94.6708337
5020 Norton Healthcare Blvd, Louisville,Kentucky,40241-2835,38.3167971,-85.5729775
2400 Five Lees Lane, Lanham,Maryland,20706,38.9237834,-76.8517969
10 Monocacy Blvd., Frederick,Maryland,21701-6554,39.4016744,-77.4075477
9919 Pulaski Highway, Baltimore,Maryland,21220-1423,39.3578579,-76.444935
7077 Arundel Mills Circle, Hanover,Maryland,21076-1387,39.1564446,-76.7304163
6675 Marie Curie Drive, Elkridge,Maryland,21075-6457,39.186369,-76.793645
575 East Ordnance Road, Glen Burnie,Maryland,21060-6575,39.196361,-76.60042
880 Russell Avenue, Gaithersburg,Maryland,20879-3506,39.1559673,-77.2144914
10925 Baltimore Avenue (Route 1), Beltsville,Maryland,20705-2117,39.0324059,-76.9078906
16006 Crain Highway SE, Brandywine,Maryland,20613-8081,38.6701839,-76.8722002
71 Second Avenue, Waltham,Massachusetts,02451-1107,42.3942918,-71.2654092
120 Stockwell Drive, Avon,Massachusetts,02322-1149,42.1373675,-71.0661722
400 Commercial Circle, Dedham,Massachusetts,02026-2635,42.2321162,-71.173037
11 Newbury Street (Route 1), Danvers,Massachusetts,01923-1014,35.5238047,-79.1835616
119 Daggett Drive, West Springfield,Massachusetts,01089-4672,42.131767,-72.6207067
2 Mystic View Road, Everett,Massachusetts,2149,42.3968123,-71.0713845
5100 28th Street SE, Grand Rapids,Michigan,49512-2049,42.9105714,-85.5428219
4901 Wilson Avenue, Wyoming,Michigan,49418-8788,42.8765995,-85.764064
400 Brown Road, Auburn Hills,Michigan,48326-1305,42.7066304,-83.295923
45460 Market Street, Shelby Township,Michigan,48315-6204,42.6301566,-82.9797544
2343 South Telegraph Rd, Bloomfield,Michigan,48302-0254,42.6070254,-83.2927101
20000 Haggerty Rd, Livonia,Michigan,48152-1011,42.4329116,-83.4294726
13700 Middlebelt Road, Livonia,Michigan,48150-2215,42.3817036,-83.3321725
6700 Whitmore Lake Rd, Brighton,Michigan,48116-2160,42.5037808,-83.7619638
30550 Stephenson Highway, Madison Heights,Michigan,48071-1611,42.5156573,-83.1175039
27118 Gratiot Avenue, Roseville,Michigan,48066-2915,42.4959047,-82.9345592
3000 Commerce Crossing, Commerce Tnshp,Michigan,48390,42.5335684,-83.444004
12547 Riverdale Blvd., Coon Rapids,Minnesota,55448-6708,45.1987775,-93.3478916
5801 16th Street West, St. Louis Park,Minnesota,55416-1446,44.9667728,-93.3541316
11330 Fountains Dr N, Maple Grove,Minnesota,55369-7200,45.0930235,-93.4238263
12011 Technology Drive, Eden Prairie,Minnesota,55344-3620,44.8602959,-93.4359228
1431 Beam Ave, Maplewood,Minnesota,55109-1064,45.0296299,-93.039397
14050 Burnhaven Dr, Burnsville,Minnesota,55337,44.7490906,-93.2940851
241 East Linwood Blvd, Kansas City,Missouri,64111-1119,39.0669896,-94.5812537
19040 E. Valley View Pkwy, Independence,Missouri,64055-7004,39.0363696,-94.357388
200 Costco Way, St. Peters,Missouri,63376-4385,38.7962023,-90.6070006
4200 Rusty Road, St. Louis,Missouri,63128-1973,38.5081463,-90.3385033
301 Highlands Blvd Drive, Manchester,Missouri,63011,38.5976753,-90.5074327
2330 US Highway 93 N, Kalispell,Montana,59901-2547,48.2340183,-114.3336023
3220 Northern Pacific Avenue, Missoula,Montana,59808-1338,46.8934339,-114.0388273
2505 Catron Street, Bozeman,Montana,59718-7993,45.7134212,-111.0708165
2195 E Custer Ave, Helena,Montana,59602-1217,46.6154526,-112.0025027
2290 King Avenue West, Billings,Montana,59102-7415,45.7533603,-108.5729082
12300 West Dodge Rd, Omaha,Nebraska,68154-2382,41.2657011,-96.1050658
700 Old Clear Creek Road, Carson City,Nevada,89705-6853,39.1166621,-119.7764092
2200 Harvard Way, Reno,Nevada,89502-4000,39.5030979,-119.7850895
4810 Galleria Parkway, Sparks,Nevada,89436-9605,39.5787889,-119.7381522
801 S. Pavilion Center Drive, Las Vegas,Nevada,89144-4566,36.1632356,-115.3329611
6555 N Decatur Blvd, Las Vegas,Nevada,89131-2796,36.2785555,-115.2085541
222 S Martin Luther King Blvd, Las Vegas,Nevada,89106-4305,36.1721123,-115.1609031
791 Marks Street, Henderson,Nevada,89014-8601,36.0698365,-115.0379623
311 Daniel Webster Highway, Nashua,New Hampshire,03060-5702,42.702762,-71.44258
2210 Route 27 North, Edison,New Jersey,08817-3314,40.530433,-74.3755298
325 Promenade Blvd., Bridgewater,New Jersey,08807-3457,40.563248,-74.558367
465 Route 70, Brick,New Jersey,08723-4049,40.0542983,-74.1577024
100 Centerton Road, Mount Laurel,New Jersey,08054-6103,39.9717999,-74.9069491
245 Stafford Park Blvd, Stafford Township,New Jersey,08050-2734,39.7067216,-74.2876944
156 SR-10 West, East Hanover,New Jersey,07936-2107,40.8127234,-74.3793285
315 Route 15, Wharton,New Jersey,07885-1224,40.906917,-74.5683481
2835 Route 35 South, Hazlet,New Jersey,07730-1516,40.4198329,-74.1708495
80 South River Street, Hackensack,New Jersey,07601-7110,40.8762228,-74.0378423
77 Willowbrook Boulevard, Wayne,New Jersey,07470-7055,40.886475,-74.2523929
1055 Hudson St, Union,New Jersey,07083-6809,40.6942148,-74.2876207
20 Bridewell Place, Clifton,New Jersey,07014-1724,40.8314218,-74.1363705
500 Eubank Blvd SE, Albuquerque,New Mexico,87123-3338,35.0684252,-106.5297531
9955 Coors Bypass NW, Albuquerque,New Mexico,87114-5963,35.195627,-106.6620252
1420 Renaissance Boulevard NE, Albuquerque,New Mexico,87107-6811,35.1366404,-106.6137536
3000 Middle Country Road, Nesconset,New York,11767-1072,40.8593361,-73.1302117
625 Broadhollow Road, Melville,New York,11747-5007,40.757682,-73.4202979
125 Beacon Drive, Holbrook,New York,11741-4309,40.7734109,-73.0507262
10 Garret Place, Commack,New York,11725-5421,40.8070281,-73.2857156
1250 Old Country Road, Westbury,New York,11590-5641,40.7438007,-73.5976641
605 Rockaway Turnpike, Lawrence,New York,11559-1029,40.630392,-73.7401964
976 3rd Avenue, Brooklyn,New York,11232-2400,40.655708,-74.009228
32-50 Vernon Boulevard, Long Island City,New York,11106-4927,40.7643203,-73.9418094
50 Overlook Boulevard, Nanuet,New York,10954-5292,41.1069392,-74.0250031
1 Industrial Lane, New Rochelle,New York,10805-1203,40.896349,-73.7945562
20 Stew Leonard Drive, Yonkers,New York,10710-7202,40.9749617,-73.8612905
2975 Richmond Avenue, Staten Island,New York,10314-5851,40.5725754,-74.1682831
61-35 Junction Boulevard, Rego Park,New York,11374,40.7333304,-73.8635717
1 Westchester Ave., Port Chester,New York,10573,40.9993371,-73.661779
517 E 117th St, New York,New York,10035,40.7953912,-73.9311399
5351 Gingerwood Dr, Wilmington,North Carolina,28405-3091,34.2489389,-77.8727175
500 Tyvola Road, Charlotte,North Carolina,28217-3504,35.1613718,-80.8846601
2125 Matthews Township Pkwy, Matthews,North Carolina,28105-5766,35.1295315,-80.7046465
1510 North Pointe Drive, Durham,North Carolina,27705-3405,36.0291871,-78.913978
2838 Wake Forest Rd, Raleigh,North Carolina,27609-7840,35.8181006,-78.621394
4201 West Wendover Ave, Greensboro,North Carolina,27407-1908,36.0574121,-79.8835837
1085 Hanes Mall Blvd., Winston Salem,North Carolina,27103-1310,36.0640469,-80.3179073
9691 Waterstone Blvd, Cincinnati,Ohio,45249-8220,39.296329,-84.3027139
1100 East Kemper Road, Springdale,Ohio,45246-3321,39.2886399,-84.4512247
1409 Golden Gate Blvd., Cleveland,Ohio,44124-1808,41.5242673,-81.4464932
3405 West Central Ave, Toledo,Ohio,43606-1402,41.6773134,-83.6254676
1500 Gemini Place, Columbus,Ohio,43240-7002,40.1509807,-82.9774326
16690 Royalton Rd, Strongsville,Ohio,44136,41.3168811,-81.8160285
35804 Detroit Road, Avon,Ohio,44011,41.4599691,-82.0116551
2500 Northeast Highway 20, Bend,Oregon,97701-6277,44.0549134,-121.267109
3639 Crater Lake Highway, Medford,Oregon,97504-9259,42.3687833,-122.8593886
2828 Chad Drive, Eugene,Oregon,97408-7337,44.0888556,-123.0662122
3130 Killdeer Ave, Albany,Oregon,97321-5325,44.6386398,-123.0650669
1010 Hawthorne Avenue SE, Salem,Oregon,97301-5090,44.9193948,-122.9953355
4849 NE 138th Ave, Portland,Oregon,97230-3401,45.5597183,-122.5248687
7855 SW Dartmouth Ave, Tigard,Oregon,97223-8401,45.4371582,-122.7568518
1255 NE 48th Ave, Hillsboro,Oregon,97124-5008,45.5362124,-122.9356253
25900 SW Heather Place, Wilsonville,Oregon,97070-5785,45.3326726,-122.7633932
13130 SE 84th Avenue, Clackamas,Oregon,97015-9733,45.4284925,-122.5752487
15901 SW Jenkins, Aloha,Oregon,97006-5098,45.5091632,-122.8415811
4141 NE Stephens, Roseburg,Oregon,97470,43.2593583,-123.3498068
1804 SE Ensign Lane, Warrenton,Oregon,97146,46.1469136,-123.9139027
740 Upper State Road, North Wales,Pennsylvania,19454-1403,40.2368982,-75.2340298
201 Allendale Road, King of Prussia,Pennsylvania,19406-1634,40.0913642,-75.3869742
1875 Hempstead Road, Lancaster,Pennsylvania,17601-5671,40.0532232,-76.2563224
5125 Jonestown Road Suite 221, Harrisburg,Pennsylvania,17112-2983,40.3083075,-76.7965173
1050 Cranberry Square Drive, Cranberry Township,Pennsylvania,16066-6142,40.6906756,-80.1077281
501 W Waterfront Dr, West Homestead,Pennsylvania,15120-5009,40.402736,-79.9217439
202 Costco Drive, Pittsburgh,Pennsylvania,15205,40.4587928,-80.1658596
1021 Woodruff Rd, Greenville,South Carolina,29607-4108,34.8360858,-82.311008
1021 Oak Forest Lane, Myrtle Beach,South Carolina,29577-9795,33.705222,-78.9159532
3050 Ashley Town Center, Charleston,South Carolina,29414-5664,32.7952807,-80.03618
211 W Blackstock Rd, Spartanburg,South Carolina,29301-1382,34.9403415,-81.9983259
3775 Hacks Cross Road, Memphis,Tennessee,38125-2302,35.0457527,-89.7976192
2431 North Germantown Parkway, Cordova,Tennessee,38016-4494,35.1919617,-89.7960535
6670 Charlotte Pike, Nashville,Tennessee,37209-4202,36.1395093,-86.8861011
98 Seaboard Lane, Brentwood,Tennessee,37027-2930,35.9634317,-86.817406
10401 Research Blvd, Austin,Texas,78759-5712,30.396721,-97.7436848
5611 Utsa Blvd, San Antonio,Texas,78249-1619,29.5761091,-98.5972076
15330 IH-35 North, Selma,Texas,78154-3814,29.5964395,-98.2842377
12405 N. Gessner Rd., Houston,Texas,77064-1170,29.9545813,-95.5480206
1150 Bunker Hill Road, Houston,Texas,77055-6208,29.7877676,-95.5299901
3836 Richmond Ave, Houston,Texas,77027-5802,29.7336704,-95.4391461
5300 Overton Ridge Blvd, Fort Worth,Texas,76132-3301,32.6779127,-97.4084487
2601 E. State Hwy 114, Southlake,Texas,76092-6668,32.9428552,-97.1117731
600 West Arbrook Blvd, Arlington,Texas,76014-3702,32.6832169,-97.1121642
1701 Dallas Pkwy, Plano,Texas,75093-4520,33.0243022,-96.8310646
3800 N. Central Expressway, Plano,Texas,75074-2221,33.0448381,-96.6989842
851 S. State Hwy 121, Lewisville,Texas,75067-4158,32.9983496,-96.9635928
6101 Gateway West Blvd, El Paso,Texas,79925,31.7828588,-106.4095684
1201 N. Loop 1604 East, San Antonio,Texas,78232,29.6121132,-98.4754903
250 West Highway 67, Duncanville,Texas,75137,32.6248343,-96.9055566
1225 State Hwy 276, Rockwall,Texas,75032,32.9081959,-96.4457213
835 North 3050 East, St. George,Utah,84790-9041,37.1224653,-113.523511
3656 Wall Avenue, Ogden,Utah,84405-7101,41.1969331,-111.9775206
3747 South 2700 West, West Valley,Utah,84119-4903,40.6901015,-111.9534939
1818 South 300 West, Salt Lake City,Utah,84115-1805,40.731266,-111.9019458
648 East 800 South, Orem,Utah,84097-6528,40.2799517,-111.6804475
11100 S. Auto Mall Drive, Sandy,Utah,84070-4171,40.549778,-111.8947725
198 North 1200 East, Lehi,Utah,84043-2294,40.389995,-111.82328
573 West 100 North, West Bountiful,Utah,84010-7018,40.889379,-111.895108
5201 South Intermountain Drive, Murray,Utah,84107,40.6571336,-111.8893732
218 Lower Mountain View Drive, Colchester,Vermont,05446-5830,44.5039631,-73.1743895
12121 Jefferson Avenue, Newport News,Virginia,23602-6916,37.106265,-76.4966874
850 Glenrock Road, Norfolk,Virginia,23502-3702,36.8519214,-76.1998044
3700 Price Club Boulevard, Midlothian,Virginia,23112-3371,37.438778,-77.587539
9650 West Broad Street, Glen Allen,Virginia,23060-4115,37.6424977,-77.5615103
1830 Reservoir Street, Harrisonburg,Virginia,22801-8742,38.4275822,-78.8574098
251 Front Royal Pike, Winchester,Virginia,22602-7319,39.1576575,-78.1554335
1200 South Fern Street, Arlington,Virginia,22202-2862,38.8617081,-77.0574588
2700 Potomac Mills Circle - Ste 200, Woodbridge,Virginia,22192-4653,38.643548,-77.2953745
7373 Boston Boulevard, Springfield,Virginia,22153-2805,38.739419,-77.197242
4725 West Ox Road, Fairfax,Virginia,22030-6101,38.8499714,-77.3717823
1300 Edwards Ferry Road, Leesburg,Virginia,20176-3355,39.115793,-77.5328336
21398 Price/Cascades Plaza, Sterling,Virginia,20164-6607,39.0235927,-77.4011055
14390 Chantilly Crossing Lane, Chantilly,Virginia,20151-2117,38.8951631,-77.4430793
10701 Sudley Manor Drive, Manassas,Virginia,20109-2845,38.7835106,-77.5168954
3102 Plank Road #600, Fredericksburg,Virginia,22407,38.2945387,-77.5159224
8629 120th Avenue NE, Kirkland,Washington,98033-5865,47.6807313,-122.1818096
301 Fifth Street, Clarkston,Washington,99403-1860,46.4231123,-117.0431141
8505A W. Gage Blvd, Kennewick,Washington,99336-8120,46.2255003,-119.2347617
5601 East Sprague Avenue, Spokane,Washington,99212-0826,47.65836,-117.33285
7619 North Division Street, Spokane,Washington,99208-5613,47.7276617,-117.4138099
2310 Longfibre Rd, Union Gap,Washington,98903-1513,46.5621313,-120.5006976
375 Highline Drive South, East Wenatchee,Washington,98802-5344,47.4014171,-120.2798149
6720 NE 84th Street, Vancouver,Washington,98665-2016,45.6854147,-122.6037483
1470 Marvin Rd NE, Lacey,Washington,98516-3870,47.0599854,-122.7605611
5500 Littlerock Road, Tumwater,Washington,98512-7363,46.9961691,-122.9161119
3900 20th St. East, Fife,Washington,98424-1818,47.2382671,-122.3733045
2219 South 37th Street, Tacoma,Washington,98409-7473,47.2249704,-122.4674726
10000 Mickelberry Rd. NW, Silverdale,Washington,98383-8302,47.6569651,-122.6811406
955 West Washington St, Sequim,Washington,98382-3266,48.0767075,-123.1254118
955 West Washington St, Sequim,Washington,98382-3266,48.0767075,-123.1254118
1201 39th SW, Puyallup,Washington,98373-3803,47.1563262,-122.3086958
16616 Twin Lakes Ave, Marysville,Washington,98271-4701,48.1475579,-122.1911519
1725 S. Burlington Blvd, Burlington,Washington,98233-3223,48.4541201,-122.3370373
4299 Guide Meridian Street, Bellingham,Washington,98226-6475,48.7982523,-122.4889071
10200 19th Avenue SE, Everett,Washington,98208-4256,47.9035707,-122.2101698
400 Costco Drive Suite 150, Tukwila,Washington,98188-4808,47.4453797,-122.2486256
4401 4th Avenue South, Seattle,Washington,98134-2389,47.565393,-122.3303284
1175 North 205th Street, Seattle,Washington,98133-3206,47.7748491,-122.3444471
24008 Snohomish-Woodinville Rd SE, Woodinville,Washington,98072-9743,47.779339,-122.148692
19105 Highway 99, Lynnwood,Washington,98036-5228,47.8258663,-122.3098384
1801 10th Avenue NW, Issaquah,Washington,98027-5384,47.5506726,-122.0521984
35100 Enchanted Parkway South, Federal Way,Washington,98003-8314,47.2869609,-122.309795
19610 SE 1st St, Vancouver,Washington,98607,45.6228886,-122.4754223
10990 Harbor Hill Dr, Gig Harbor,Washington,98335,47.3573567,-122.6043929
27520 Covington Way SE, Covington,Washington,98042,47.3553814,-122.1219145
2150 Deming Way, Middleton,Wisconsin,53562-5507,43.0995842,-89.5229836
950 Port Washington Rd, Grafton,Wisconsin,53024-9201,43.3249152,-87.9216873
